{"trans": [["5300.00", "0.00", "800.00", "0.00", "200.00"], ["0.00", "100.00", "0.00", "0.00", "100.00"], ["800.00", "0.00", "1200.00", "0.00", "0.00"], ["0.00", "0.00", "0.00", "0.00", "0.00"], ["200.00", "100.00", "100.00", "0.00", "200.00"]], "percentage": [63, 2, 21, 0, 6], "labels": [4, 4, 4, 1, 1, 4, 0, 0, 0, 4, 2, 2, 2, 0, 0, 0, 0, 0, 0, 2, 2, 0, 0, 0, 0, 4, 0, 2, 0, 0, 0, 0, 0, 0, 0, 0, 0, 0, 0, 0, 0, 0, 0, 0, 0, 2, 0, 0, 0, 2, 0, 2, 0, 0, 0, 0, 0, 0, 0, 0, 0, 0, 0, 0, 0, 0, 0, 0, 0, 0, 0, 0, 2, 0, 0, 0, 0, 0, 0, 2, 2, 2, 2, 2, 2, 2, 2, 2, 0, 0, 2, 2], "centers": [[158.5658305884756, 346.34399938003133], [604.3773504181894, 369.0795929295733], [345.2170292071736, 482.80429943665325], [461.46385531103505, 399.3151309697577], [372.02168020789503, 176.54206094541658]]}