{"trans": [["100.00", "0.00", "200.00", "0.00", "400.00"], ["0.00", "2000.00", "100.00", "400.00", "300.00"], ["100.00", "100.00", "200.00", "400.00", "100.00"], ["200.00", "500.00", "300.00", "300.00", "300.00"], ["300.00", "200.00", "100.00", "400.00", "2100.00"]], "percentage": [7, 28, 9, 16, 32], "labels": [3, 2, 4, 3, 3, 2, 3, 3, 4, 3, 4, 4, 4, 2, 0, 2, 2, 3, 0, 0, 2, 2, 3, 2, 3, 1, 3, 0, 4, 0, 4, 0, 4, 4, 3, 1, 3, 1, 1, 1, 2, 1, 3, 1, 1, 1, 1, 1, 1, 1, 1, 1, 1, 1, 1, 1, 1, 1, 1, 1, 1, 1, 4, 4, 4, 1, 4, 4, 4, 4, 4, 3, 3, 4, 1, 3, 1, 4, 4, 4, 4, 4, 4, 4, 4, 4, 4, 4, 4, 4, 0, 4], "centers": [[158.5658305884756, 346.34399938003133], [604.3773504181894, 369.0795929295733], [345.2170292071736, 482.80429943665325], [461.46385531103505, 399.3151309697577], [372.02168020789503, 176.54206094541658]]}