{"color":["#0000ff", "#0033e6", "#0066cc", "#0099b3", "#00cc99", "#00ff80"],"centers": [[230.30592346191406, 610.17919921875], [592.21826171875, 382.0165710449219], [40.39212417602539, 246.16937255859375], [312.0342102050781, 306.8388977050781], [379.00726318359375, 100.24606323242188], [459.2162780761719, 606.2953491210938]], "trans": [["75.79", "0.00", "9.43", "3.46", "6.29", "5.03"], ["4.40", "47.80", "0.55", "7.69", "9.34", "30.22"], ["2.59", "5.46", "77.59", "3.45", "8.91", "2.01"], ["1.04", "5.70", "1.04", "66.32", "15.54", "10.36"], ["1.10", "7.03", "9.89", "4.18", "76.92", "0.66"], ["10.52", "6.35", "0.00", "1.79", "1.39", "79.96"]], "percentage": [15.9, 9.1, 17.4, 9.65, 22.75, 25.2], "labels": [1, 5, 5, 5, 5, 5, 5, 3, 3, 4, 4, 1, 1, 1, 5, 5, 4, 4, 4, 4, 2, 2, 2, 2, 2, 2, 2, 2, 2, 2, 2, 2, 2, 3, 3, 3, 1, 5, 5, 1, 1, 3, 3, 3, 3, 3, 5, 5, 5, 5, 5, 0, 0, 0, 0, 0, 0, 0, 0, 0, 2, 4, 4, 4, 4, 4, 4, 4, 4, 3, 4, 4, 4, 1, 1, 5, 5, 5, 5, 5, 5, 1, 1, 5, 5, 5, 5, 5, 1, 1, 1, 3, 0, 0, 0, 0, 3, 3, 4, 4, 4, 2, 2, 2, 2, 2, 2, 2, 2, 2, 1, 3, 3, 1, 1, 1, 1, 5, 0, 0, 0, 0, 0, 2, 2, 4, 4, 4, 4, 4, 2, 2, 2, 2, 2, 2, 2, 2, 2, 2, 2, 1, 5, 5, 5, 5, 5, 1, 1, 1, 3, 3, 3, 5, 5, 5, 5, 5, 5, 0, 0, 5, 5, 5, 5, 5, 5, 0, 0, 0, 4, 4, 4, 4, 4, 4, 4, 4, 4, 4, 4, 2, 2, 2, 0, 5, 5, 5, 5, 5, 5, 5, 1, 1, 1, 3, 3, 1, 1, 1, 1, 0, 0, 0, 4, 4, 4, 2, 2, 2, 2, 2, 2, 2, 2, 2, 2, 2, 2, 2, 3, 4, 4, 4, 1, 1, 1, 5, 5, 5, 3, 3, 3, 5, 5, 5, 5, 5, 5, 5, 5, 0, 0, 3, 3, 4, 4, 4, 1, 4, 0, 0, 0, 0, 2, 2, 3, 3, 3, 3, 3, 2, 5, 5, 5, 5, 5, 5, 5, 0, 0, 0, 0, 0, 0, 2, 4, 4, 4, 4, 4, 4, 4, 4, 4, 4, 4, 4, 4, 2, 5, 5, 5, 5, 5, 5, 5, 5, 1, 1, 5, 5, 5, 5, 5, 5, 4, 4, 4, 1, 4, 4, 4, 4, 4, 4, 2, 2, 0, 0, 5, 5, 5, 5, 0, 0, 0, 0, 0, 2, 4, 4, 4, 4, 4, 4, 4, 3, 3, 3, 3, 5, 5, 5, 5, 5, 0, 0, 0, 0, 0, 0, 0, 0, 0, 0, 0, 3, 3, 4, 4, 1, 1, 1, 0, 0, 4, 4, 4, 4, 2, 2, 2, 2, 2, 2, 2, 2, 2, 2, 1, 5, 5, 5, 5, 5, 1, 4, 1, 1, 4, 3, 3, 3, 4, 4, 4, 2, 2, 2, 2, 2, 2, 2, 2, 2, 2, 2, 2, 1, 5, 5, 5, 5, 5, 1, 1, 1, 1, 4, 4, 4, 4, 4, 4, 2, 2, 0, 0, 5, 5, 5, 5, 5, 5, 5, 0, 4, 4, 4, 4, 4, 4, 4, 4, 4, 4, 4, 4, 4, 4, 2, 2, 2, 2, 2, 2, 2, 2, 1, 5, 5, 5, 5, 5, 1, 1, 0, 0, 5, 5, 5, 5, 5, 5, 5, 1, 3, 4, 4, 1, 1, 1, 5, 0, 0, 0, 0, 2, 4, 4, 4, 4, 2, 2, 2, 2, 2, 2, 1, 5, 5, 5, 5, 5, 5, 3, 4, 4, 1, 1, 0, 0, 0, 0, 0, 4, 4, 4, 4, 2, 2, 0, 0, 0, 0, 0, 0, 0, 3, 3, 4, 4, 4, 4, 2, 2, 2, 2, 2, 2, 2, 2, 1, 1, 5, 5, 5, 1, 1, 1, 1, 0, 0, 0, 0, 2, 4, 4, 4, 4, 2, 2, 2, 2, 2, 2, 2, 2, 2, 4, 4, 4, 4, 4, 4, 5, 5, 5, 5, 5, 5, 5, 1, 1, 5, 5, 5, 5, 5, 1, 1, 1, 3, 0, 5, 5, 5, 5, 5, 5, 5, 0, 0, 0, 0, 0, 2, 2, 2, 2, 4, 4, 4, 4, 4, 4, 2, 2, 2, 0, 5, 5, 5, 5, 5, 5, 5, 3, 3, 4, 4, 1, 1, 5, 5, 5, 5, 0, 4, 4, 4, 2, 2, 2, 2, 2, 2, 2, 2, 1, 5, 5, 5, 5, 5, 1, 1, 2, 0, 0, 0, 0, 0, 2, 2, 2, 2, 2, 3, 3, 4, 4, 1, 1, 5, 5, 5, 5, 4, 4, 4, 2, 2, 2, 2, 2, 2, 2, 2, 2, 1, 5, 5, 5, 5, 5, 1, 1, 0, 0, 0, 0, 0, 2, 2, 4, 4, 4, 4, 4, 2, 2, 5, 5, 5, 5, 5, 5, 5, 0, 0, 0, 0, 0, 0, 0, 4, 4, 4, 4, 4, 1, 1, 3, 3, 4, 4, 4, 4, 2, 0, 0, 0, 0, 0, 0, 0, 3, 3, 3, 4, 4, 1, 1, 5, 5, 0, 0, 0, 0, 2, 2, 4, 4, 4, 4, 4, 2, 2, 2, 2, 2, 2, 1, 5, 5, 5, 5, 5, 5, 5, 3, 3, 4, 4, 1, 1, 1, 5, 5, 0, 4, 4, 4, 2, 2, 2, 2, 2, 2, 2, 2, 2, 2, 2, 2, 2, 2, 2, 4, 4, 4, 4, 4, 1, 1, 1, 5, 5, 5, 1, 1, 4, 0, 5, 5, 5, 5, 5, 5, 5, 1, 3, 3, 4, 4, 1, 1, 5, 5, 0, 0, 0, 0, 2, 4, 4, 4, 4, 4, 2, 2, 2, 2, 2, 2, 2, 2, 1, 5, 5, 5, 5, 5, 5, 5, 3, 3, 4, 4, 1, 1, 1, 5, 5, 0, 4, 4, 4, 4, 2, 2, 2, 2, 2, 2, 2, 2, 4, 4, 4, 4, 4, 4, 2, 2, 2, 2, 1, 5, 5, 5, 5, 5, 5, 1, 1, 4, 5, 5, 5, 5, 5, 5, 5, 5, 1, 1, 1, 3, 3, 1, 1, 1, 1, 0, 0, 0, 2, 4, 4, 4, 4, 4, 2, 2, 2, 2, 2, 2, 2, 1, 5, 5, 5, 5, 5, 1, 1, 5, 0, 0, 5, 5, 5, 5, 5, 5, 5, 0, 0, 4, 4, 4, 4, 4, 4, 4, 4, 4, 4, 4, 4, 4, 2, 2, 2, 2, 2, 2, 2, 1, 5, 5, 5, 5, 5, 1, 1, 5, 0, 0, 5, 5, 5, 5, 5, 5, 3, 3, 4, 4, 1, 1, 5, 5, 5, 0, 0, 0, 0, 2, 4, 4, 4, 4, 4, 4, 2, 2, 2, 2, 2, 1, 5, 5, 5, 5, 5, 5, 4, 4, 4, 1, 4, 5, 5, 5, 5, 0, 0, 4, 4, 4, 2, 2, 2, 2, 2, 2, 2, 2, 2, 1, 5, 5, 5, 5, 5, 1, 1, 0, 0, 0, 0, 0, 0, 3, 3, 3, 4, 4, 4, 2, 5, 5, 5, 5, 5, 0, 0, 0, 0, 0, 0, 0, 2, 4, 4, 4, 4, 4, 4, 1, 4, 3, 3, 5, 5, 5, 5, 5, 5, 0, 0, 5, 5, 5, 5, 5, 5, 0, 0, 0, 0, 2, 4, 4, 4, 4, 4, 4, 4, 3, 3, 4, 4, 1, 1, 5, 5, 5, 5, 5, 0, 0, 0, 0, 3, 3, 4, 4, 4, 4, 0, 0, 0, 0, 0, 0, 0, 3, 3, 3, 4, 4, 1, 1, 5, 5, 5, 0, 0, 0, 0, 0, 0, 2, 4, 4, 4, 4, 4, 4, 4, 4, 4, 4, 4, 4, 3, 3, 3, 3, 5, 5, 5, 5, 5, 5, 5, 5, 1, 3, 3, 5, 5, 5, 5, 5, 5, 0, 0, 0, 0, 0, 0, 0, 0, 0, 4, 4, 4, 4, 4, 4, 3, 3, 3, 3, 3, 3, 3, 3, 5, 5, 5, 5, 5, 0, 0, 0, 0, 2, 4, 4, 4, 4, 4, 2, 2, 2, 2, 2, 2, 2, 2, 2, 2, 2, 3, 3, 3, 1, 1, 5, 5, 1, 5, 3, 3, 3, 3, 5, 5, 5, 5, 5, 0, 0, 0, 0, 0, 0, 3, 3, 4, 4, 4, 4, 4, 2, 2, 2, 2, 2, 2, 3, 3, 3, 3, 1, 1, 5, 5, 5, 5, 0, 0, 0, 0, 0, 0, 0, 0, 2, 4, 4, 4, 4, 4, 4, 4, 4, 3, 3, 3, 3, 3, 5, 5, 5, 5, 5, 5, 1, 1, 5, 5, 5, 5, 5, 5, 5, 4, 4, 4, 4, 1, 4, 3, 3, 3, 3, 3, 2, 5, 5, 5, 5, 5, 5, 0, 0, 0, 0, 0, 0, 2, 4, 4, 4, 4, 4, 4, 1, 3, 3, 3, 5, 5, 5, 5, 5, 5, 0, 0, 0, 0, 0, 0, 0, 0, 0, 0, 0, 0, 2, 4, 4, 4, 4, 4, 1, 4, 3, 3, 3, 1, 1, 1, 5, 0, 0, 0, 0, 0, 0, 0, 2, 4, 4, 4, 4, 4, 4, 4, 2, 2, 2, 2, 3, 3, 3, 5, 5, 5, 5, 5, 5, 0, 0, 5, 5, 5, 5, 5, 5, 5, 0, 0, 4, 4, 4, 4, 4, 1, 4, 3, 3, 3, 3, 3, 3, 5, 5, 5, 5, 0, 0, 0, 0, 0, 0, 0, 2, 4, 4, 4, 4, 4, 4, 4, 3, 3, 3, 3, 3, 3, 5, 5, 5, 5, 5, 5, 1, 1, 5, 5, 5, 5, 5, 1, 1, 4, 4, 0, 0, 0, 2, 2, 2, 4, 3, 4, 4, 4, 4, 2, 5, 5, 5, 5, 5, 5, 0, 0, 0, 0, 0, 0, 0, 0, 3, 3, 4, 4, 4, 1, 1, 1, 3, 4, 4, 4, 4, 4, 2, 2, 2, 2, 2, 2, 2, 2, 2, 1, 3, 3, 1, 1, 5, 1, 5, 0, 0, 0, 2, 2, 4, 4, 4, 4, 2, 2, 0, 0, 5, 5, 5, 5, 5, 5, 5, 0, 4, 4, 4, 4, 4, 2, 2, 2, 2, 2, 2, 3, 3, 3, 4, 1, 1, 5, 5, 5, 5, 5, 0, 0, 0, 0, 0, 0, 0, 0, 0, 0, 4, 4, 4, 4, 4, 4, 1, 4, 3, 3, 4, 4, 1, 1, 5, 5, 5, 0, 0, 0, 0, 0, 2, 4, 4, 4, 4, 4, 4, 4, 2, 2, 2, 2, 2, 3, 3, 3, 5, 5, 5, 5, 5, 5, 0, 0, 5, 5, 5, 5, 5, 5, 5, 0, 4, 4, 4, 4, 4, 4, 4, 3, 3, 3, 3, 3, 3, 5, 5, 5, 5, 5, 5, 0, 0, 0, 0, 0, 0, 2, 4, 4, 4, 4, 4, 4, 4, 3, 3, 3, 3, 3, 3, 5, 5, 5, 5, 5, 5, 1, 1, 5, 5, 5, 5, 5, 5, 5, 0, 4, 4, 4, 4, 4, 4, 4, 4, 4, 4, 4, 2, 2, 2, 2, 2, 2, 2, 2, 2, 2, 2, 1, 5, 5, 5, 5, 5, 5, 4, 4, 1, 1, 1, 5, 5, 5, 1, 1, 4, 0, 0, 5, 5, 5, 5, 5, 5, 0, 0, 4, 4, 4, 4, 4, 2, 2, 2, 2, 2, 2, 2, 3, 3, 3, 1, 1, 5, 5, 5, 5, 0, 0, 0, 0, 0, 0, 0, 0, 0, 4, 4, 4, 4, 4, 4, 3, 3, 3, 3, 3, 3, 3, 3, 5, 5, 5, 5, 5, 0, 0, 0, 0, 2, 4, 4, 4, 4, 4, 2, 2, 2, 2, 2, 2, 2, 2, 2, 2, 2, 3, 3, 3, 1, 1, 5, 5, 5, 5, 3, 3, 3, 3, 5, 5, 5, 5, 5, 5, 0, 0, 0, 0, 3, 3, 3, 4, 4, 4, 4, 2, 2, 2, 2, 2, 2, 2, 2, 2, 3, 3, 3, 1, 1, 5, 5, 5, 0, 0, 0, 0, 2, 4, 4, 4, 4, 2, 2, 2, 2, 0, 5, 5, 5, 5, 5, 5, 5, 0, 0, 4, 4, 4, 4, 4, 4, 4, 3, 3, 3, 3, 3, 3, 5, 5, 5, 5, 5, 0, 0, 0, 0, 0, 0, 0, 2, 4, 4, 4, 4, 4, 4, 4, 4, 4, 4, 4, 4, 4, 2, 5, 5, 5, 5, 5, 5, 5, 5, 1, 1, 5, 5, 5, 5, 5, 5, 4, 4, 1, 1, 4, 3, 3, 4, 4, 4, 4, 2, 2, 2, 2, 2, 2, 2, 2, 2, 2, 2, 2, 1, 5, 5, 5, 5, 5, 1, 1, 1, 1, 4, 4, 4, 4]}